time_min,cp_mcg_mL,ce_mcg_mL,a1_mg,a2_mg,a3_mg,simulated_rate_mg_min,administered_mg,eliminated_mg,mass_balance_error_mg
0,0,0,0,0,0,5,0,0,0
1,0.5612909298884461,0.04370373629967486,3.5249070396994417,0.5621679532650959,0.34912058603408014,5,4.999999999999999,0.5638044210013831,1.7763568394002505e-15
2,0.8337266271492391,0.13510069878375414,5.235803218497222,1.785792030843611,1.1378968117927926,5,10.000000000000002,1.8405079388663772,1.7763568394002505e-15
3,0.9736016633589578,0.24071612562552003,6.114218445894255,3.272381252279232,2.1423792379323903,5,15.000000000000037,3.4710210638941286,-3.019806626980426e-14
4,1.052334468552338,0.34620528653631977,6.608660462508682,4.841559456391678,3.259542619428973,5,19.999999999999986,5.290237461670669,1.7763568394002505e-14
5,1.102572471187165,0.445836645090389,6.9241551190553965,6.4125120221390794,4.441628717465968,5,24.999999999999915,7.22170414133956,8.881784197001252e-14
6,1.1392521522606622,0.5377047985572528,7.154503516196959,7.949835765104023,5.66615395662754,5,29.999999999999844,9.229506762071482,1.6342482922482304e-13
7,1.1692189475655483,0.6215583961594432,7.342694990711643,9.438806936187309,6.922208204400145,5,34.9999999999999,11.296289868700919,1.1368683772161603e-13
8,1.1956214901234972,0.6978205606585872,7.508502957975563,10.87408676819145,8.204195098451331,5,40.00000000000004,13.413215175381668,-3.552713678800501e-14
9,1.219918862346111,0.7671523196151474,7.661090455533578,12.25456494218912,9.508971591157863,5,45.000000000000185,15.575373011119455,-1.7053025658242404e-13
10,1.2427975117784442,0.8302626004949359,7.80476837396863,13.581006638112799,10.834540244538788,5,50.00000000000033,17.779684743379793,-3.126388037344441e-13
11,1.2645901189238449,0.887829578352239,7.941625946841746,14.854980108932638,12.179450840328178,5,55.00000000000047,20.023943103897444,-4.618527782440651e-13
12,1.2854669640743615,0.9404717867510966,8.07273253438699,16.078369075781495,13.54252603699999,5,60.00000000000061,22.30637235283153,-6.039613253960852e-13
13,1.3055233742372891,0.9887410083159623,8.198686790210177,17.25315216362245,14.922735088215056,5,65.00000000000067,24.625425957952316,-6.679101716144942e-13
14,1.3248196998658048,1.0331242915294638,8.319867715157255,18.381304225035567,16.3191352338362,5,70.00000000000038,26.979692825970986,-3.836930773104541e-13
15,1.3433996066769553,1.0740494254501338,8.43654952993128,19.464753252923988,17.73084404159472,5,75.0000000000001,29.367853175550025,-8.526512829121202e-14
16,1.3612984608737766,1.1118913795318752,8.548954334287318,20.505362601527995,19.15702592384481,5,79.99999999999982,31.788657140339907,2.1316282072803006e-13
17,1.3785471879525397,1.1469786531590482,8.65727634034195,21.50492468763107,20.59688516505097,5,84.99999999999953,34.24091380697608,5.400124791776761e-13
18,1.395174062719213,1.1795991247977506,8.761693113876659,22.46515985890069,22.04966195755828,5,89.99999999999925,36.72348506966448,8.668621376273222e-13
19,1.4112055531649021,1.2100052756481345,8.862370873875586,23.387717548909112,23.51462984434291,5,94.99999999999896,39.23528173287253,1.1795009413617663e-12
20,1.4266667310553784,1.2384187844142303,8.959467071027778,24.274178406195148,24.991093835911627,5,99.99999999999868,41.77526068686559,1.4637180356658064e-12
21,1.4415814835443639,1.2650345381152517,9.053131716658605,25.126056800747115,26.47838886527981,5,104.9999999999984,44.34242261731462,1.7479351299698465e-12
22,1.4559726328837412,1.2900241196220208,9.143508134509895,25.94480343822706,27.97587842624632,5,109.99999999999811,46.93581000101686,2.0321522242738865e-12
23,1.469862013182518,1.3135388343509675,9.230733442786214,26.731807961476644,29.482953323047163,5,114.99999999999783,49.554505272690115,2.3163693185779266e-12
24,1.4832705266158526,1.3357123346371356,9.314938907147555,27.488401486891398,30.99903049737133,5,119.99999999999754,52.19762910858988,2.6147972675971687e-12
25,1.4962181893558695,1.3566628944508605,9.39625022915486,28.21585905422234,32.52355191608418,5,124.99999999999726,54.864338800538796,2.9132252166164108e-12
26,1.5087241719537874,1.3764953809299072,9.474787799869786,28.91540198240633,34.05598351098161,5,129.9999999999973,57.55382670674248,2.8990143619012088e-12
27,1.5208068363696974,1.395302963330089,9.5506669324017,29.588200130339416,35.59581416558697,5,134.99999999999787,60.265318771672106,2.3305801732931286e-12
28,1.5324837706877283,1.4131685946893908,9.623998079918934,30.235374064295044,37.14255474573186,5,139.99999999999844,62.99807311005435,1.7337242752546445e-12
29,1.5437718220236252,1.4301662968054976,9.694887042308366,30.857997134868903,38.69573717149143,5,144.999999999999,65.75137865133146,1.1652900866465643e-12
30,1.5546871278879615,1.4463622750196554,9.763435163136398,31.457097466783296,40.254913528465465,0,149.99999999999957,68.52455384161502,5.968558980384842e-13
31,1.0039542162670834,1.4181121494282078,6.304832478157284,31.47149191173896,41.470534630590365,0,149.99999999999957,70.75314097951359,6.252776074688882e-13
32,0.7417340565894455,1.3414797776595,4.658089875381718,30.802835609753835,42.25165532328934,0,149.99999999999957,72.28741919157525,5.684341886080801e-13
33,0.6117462606781315,1.2499879899258668,3.8417665170586663,29.85052310738486,42.82183266332235,0,149.99999999999957,73.48587771223427,5.684341886080801e-13
34,0.5425859846712454,1.15802494004518,3.4074399837354212,28.795796062179694,43.28371648351645,0,149.99999999999957,74.51304747056862,5.968558980384842e-13
35,0.5016188142317937,1.0713614947191026,3.1501661533756646,27.720298126442273,43.68470586449549,0,149.99999999999957,75.44482985568679,6.536993168992922e-13
36,0.4739207345434997,0.9919387737180824,2.976222212933178,26.66022658774188,44.04694079130457,0,149.99999999999957,76.31661040802051,5.684341886080801e-13
37,0.4526582511499566,0.9200406496385652,2.8426938172217278,25.63106584243053,44.381002716653256,0,149.99999999999957,77.1452376236946,5.400124791776761e-13
38,0.43469416964259106,0.8552736906168029,2.729879385355472,24.638883259216332,44.69217360408834,0,149.99999999999957,77.93906375133996,5.400124791776761e-13
39,0.41858036468855087,0.797004046821371,2.6286846902440995,23.685487063512937,44.98329578045618,0,149.99999999999957,78.70253246578686,4.831690603168681e-13
40,0.4036408845828413,0.7445477327504728,2.5348647551802435,22.770780580634057,45.25607906338028,0,149.99999999999957,79.43827560080544,4.263256414560601e-13
41,0.38955310286364947,0.6972495219665373,2.4463934859837186,21.893835900865675,45.511698597947635,0,149.99999999999957,80.14807201520301,4.831690603168681e-13
42,0.37615637010266595,0.6545120482454688,2.362262004244742,21.05338267135558,45.751068669765274,0,149.99999999999957,80.8332866546344,4.263256414560601e-13
43,0.36336458481438644,0.6158031007628594,2.281929592634347,20.248029797426923,45.974968478933775,0,149.99999999999957,81.49507213100506,5.400124791776761e-13
44,0.3511262338095282,0.580653770172373,2.205072748323837,19.4763652078477,46.184100262850045,0,149.99999999999957,82.13446178097853,5.400124791776761e-13
45,0.33940611674097737,0.5486531169089678,2.131470413133338,18.736999985276228,46.379116488854606,0,149.99999999999957,82.75241311273594,5.400124791776761e-13
46,0.32817697655587336,0.519441857136689,2.060951412770885,18.028587144429025,46.56063289142243,0,149.99999999999957,83.34982855137774,4.831690603168681e-13
47,0.3174156557018694,0.4927061239792497,1.99337031780774,17.34982888794025,46.72923501742486,0,149.99999999999957,83.92756577682727,5.400124791776761e-13
48,0.3071013204913512,0.46817171608289454,1.9285962926856854,16.6994786547454,46.885481781120454,0,149.99999999999957,84.48644327144861,5.684341886080801e-13
49,0.29721463100052414,0.44559896031555035,1.8665078826832917,16.076340843144102,47.02990762941769,0,149.99999999999957,85.02724364475503,5.400124791776761e-13
50,0.28773734367381226,0.42477819344876927,1.8069905182715411,15.479269522810212,47.16302404951412,0,149.99999999999957,85.55071590940427,5.968558980384842e-13
51,0.27865211234835324,0.40552581916614083,1.7499352655476585,14.907166733928692,47.28532075428531,0,149.99999999999957,86.05757724623851,5.968558980384842e-13
52,0.26994238064889325,0.3876808808132222,1.6952381504750496,14.35898064463375,47.397266699538235,0,149.99999999999957,86.54851450535311,5.684341886080801e-13
53,0.2615923168236778,0.37110208840909453,1.6427997496526965,13.833703688639115,47.49931100440865,0,149.99999999999957,87.02418555729966,5.400124791776761e-13
54,0.2535867686415568,0.35566524222425633,1.592524907068977,13.330370736844687,47.59188380830594,0,149.99999999999957,87.48522054778053,5.400124791776761e-13
55,0.24591122809916707,0.34126100097697204,1.5443225124627693,12.848057325673912,47.67539708047453,0,149.99999999999957,87.93222308138887,5.115907697472721e-13
56,0.23855180122840852,0.32779294879842874,1.4981053117144056,12.385877950798385,47.7502453902868,0,149.99999999999957,88.3657713472005,5.400124791776761e-13
57,0.23149518082676446,0.3151759209039429,1.4537897355920808,11.94298442854002,47.81680664271716,0,149.99999999999957,88.7864191931508,4.831690603168681e-13
58,0.224728621090848,0.3033345531445613,1.4112957404505255,11.518564324403375,47.8754427817418,0,149.99999999999957,89.19469715340435,4.831690603168681e-13
59,0.2182399136634824,0.2922020252471883,1.3705466578066694,11.111839446961392,47.926500463598785,0,149.99999999999957,89.59111343163322,4.831690603168681e-13
60,0.2120173648476963,0.2817189716052059,1.3314690512435328,10.72206440482077,47.97031170144568,0,149.99999999999957,89.97615484249013,5.400124791776761e-13
